,scene,frame,presence
0,1_calibration_1.2,000,True
1,1_calibration_1.2,001,True
2,1_calibration_1.2,002,True
3,1_calibration_1.2,003,True
4,1_calibration_1.2,004,True
5,1_calibration_1.2,005,True
6,1_calibration_1.2,006,True
7,1_calibration_1.2,007,True
8,1_calibration_1.2,008,True
9,1_calibration_1.2,009,True
10,1_calibration_1.2,010,True
11,1_calibration_1.2,011,True
12,1_calibration_1.2,012,True
13,1_calibration_1.2,013,True
14,1_calibration_1.2,014,True
15,1_calibration_1.2,015,True
16,1_calibration_1.2,016,True
17,1_calibration_1.2,017,True
18,1_calibration_1.2,018,True
19,1_calibration_1.2,019,True
20,1_calibration_1.2,020,True
21,1_calibration_1.2,021,True
22,1_calibration_1.2,022,True
23,1_calibration_1.2,023,True
24,1_calibration_1.2,024,True
25,1_calibration_1.2,025,True
26,1_calibration_1.2,026,True
27,1_calibration_1.2,027,True
28,1_calibration_1.2,028,True
29,1_calibration_1.2,029,True
30,1_calibration_1.2,030,True
31,1_calibration_1.2,031,True
32,1_calibration_1.2,032,True
33,1_calibration_1.2,033,True
34,1_calibration_1.2,034,True
35,1_calibration_1.2,035,True
36,1_calibration_1.2,036,True
37,1_calibration_1.2,037,True
38,1_calibration_1.2,038,True
39,1_calibration_1.2,039,True
40,1_calibration_1.2,040,True
41,1_calibration_1.2,041,True
42,1_calibration_1.2,042,True
43,1_calibration_1.2,043,True
44,1_calibration_1.2,044,True
45,1_calibration_1.2,045,True
46,1_calibration_1.2,046,True
47,1_calibration_1.2,047,True
48,1_calibration_1.2,048,True
49,1_calibration_1.2,049,True
50,1_calibration_1.2,050,True
51,1_calibration_1.2,051,True
52,1_calibration_1.2,052,True
53,1_calibration_1.2,053,True
54,1_calibration_1.2,054,True
55,1_calibration_1.2,055,True
56,1_calibration_1.2,056,True
57,1_calibration_1.2,057,True
58,1_calibration_1.2,058,True
59,1_calibration_1.2,059,True
60,1_calibration_1.2,060,True
61,1_calibration_1.2,061,True
62,1_calibration_1.2,062,True
63,1_calibration_1.2,063,True
64,1_calibration_1.2,064,True
65,1_calibration_1.2,065,True
66,1_calibration_1.2,066,True
67,1_calibration_1.2,067,True
68,1_calibration_1.2,068,True
69,1_calibration_1.2,069,True
70,1_calibration_1.2,070,True
71,1_calibration_1.2,071,True
72,1_calibration_1.2,072,True
73,1_calibration_1.2,073,True
74,1_calibration_1.2,074,True
75,1_calibration_1.2,075,True
76,1_calibration_1.2,076,True
77,1_calibration_1.2,077,True
78,1_calibration_1.2,078,True
79,1_calibration_1.2,079,True
80,1_calibration_1.2,080,True
81,1_calibration_1.2,081,True
82,1_calibration_1.2,082,True
83,1_calibration_1.2,083,True
84,1_calibration_1.2,084,True
85,1_calibration_1.2,085,True
86,1_calibration_1.2,086,True
87,1_calibration_1.2,087,True
88,1_calibration_1.2,088,True
89,1_calibration_1.2,089,True
90,1_calibration_1.2,090,True
91,1_calibration_1.2,091,True
92,1_calibration_1.2,092,True
93,1_calibration_1.2,093,True
94,1_calibration_1.2,094,True
95,1_calibration_1.2,095,True
96,1_calibration_1.2,096,True
97,1_calibration_1.2,097,True
98,1_calibration_1.2,098,True
99,1_calibration_1.2,099,True
140,3_fire_site_3.1,040,True
141,3_fire_site_3.1,041,True
142,3_fire_site_3.1,042,True
143,3_fire_site_3.1,043,True
144,3_fire_site_3.1,044,True
145,3_fire_site_3.1,045,True
146,3_fire_site_3.1,046,True
147,3_fire_site_3.1,047,True
148,3_fire_site_3.1,048,True
149,3_fire_site_3.1,049,True
150,3_fire_site_3.1,050,True
151,3_fire_site_3.1,051,True
152,3_fire_site_3.1,052,True
153,3_fire_site_3.1,053,True
154,3_fire_site_3.1,054,True
155,3_fire_site_3.1,055,True
156,3_fire_site_3.1,056,True
157,3_fire_site_3.1,057,True
158,3_fire_site_3.1,058,True
159,3_fire_site_3.1,059,True
160,3_fire_site_3.1,060,True
161,3_fire_site_3.1,061,True
162,3_fire_site_3.1,062,True
163,3_fire_site_3.1,063,True
164,3_fire_site_3.1,064,True
165,3_fire_site_3.1,065,True
166,3_fire_site_3.1,066,True
167,3_fire_site_3.1,067,True
168,3_fire_site_3.1,068,True
169,3_fire_site_3.1,069,True
170,3_fire_site_3.1,070,True
171,3_fire_site_3.1,071,True
172,3_fire_site_3.1,072,True
173,3_fire_site_3.1,073,True
174,3_fire_site_3.1,074,True
175,3_fire_site_3.1,075,True
176,3_fire_site_3.1,076,True
177,3_fire_site_3.1,077,True
178,3_fire_site_3.1,078,True
179,3_fire_site_3.1,079,True
180,3_fire_site_3.1,080,True
181,3_fire_site_3.1,081,True
182,3_fire_site_3.1,082,True
183,3_fire_site_3.1,083,True
184,3_fire_site_3.1,084,True
185,3_fire_site_3.1,085,True
186,3_fire_site_3.1,086,True
187,3_fire_site_3.1,087,True
188,3_fire_site_3.1,088,True
189,3_fire_site_3.1,089,True
190,3_fire_site_3.1,090,True
191,3_fire_site_3.1,091,True
192,3_fire_site_3.1,092,True
193,3_fire_site_3.1,093,True
194,3_fire_site_3.1,094,True
195,3_fire_site_3.1,095,True
196,3_fire_site_3.1,096,True
197,3_fire_site_3.1,097,True
198,3_fire_site_3.1,098,True
199,3_fire_site_3.1,099,True
200,3_fire_site_3.3,056,True
201,3_fire_site_3.3,057,True
202,3_fire_site_3.3,058,True
203,3_fire_site_3.3,059,True
204,3_fire_site_3.3,060,True
205,3_fire_site_3.3,061,True
206,3_fire_site_3.3,062,True
207,3_fire_site_3.3,063,True
208,3_fire_site_3.3,064,True
209,3_fire_site_3.3,065,True
210,4_station_pedestrian_bridge_4.3,000,True
211,4_station_pedestrian_bridge_4.3,001,True
212,4_station_pedestrian_bridge_4.3,002,True
213,4_station_pedestrian_bridge_4.3,003,True
214,4_station_pedestrian_bridge_4.3,004,True
215,4_station_pedestrian_bridge_4.3,005,True
216,4_station_pedestrian_bridge_4.3,006,True
217,4_station_pedestrian_bridge_4.3,007,True
218,4_station_pedestrian_bridge_4.3,008,True
219,4_station_pedestrian_bridge_4.3,009,True
220,4_station_pedestrian_bridge_4.3,010,True
221,4_station_pedestrian_bridge_4.3,011,True
222,4_station_pedestrian_bridge_4.3,012,True
223,4_station_pedestrian_bridge_4.3,013,True
224,4_station_pedestrian_bridge_4.3,014,True
225,4_station_pedestrian_bridge_4.3,015,True
226,4_station_pedestrian_bridge_4.3,016,True
227,4_station_pedestrian_bridge_4.3,017,True
228,4_station_pedestrian_bridge_4.3,018,True
229,4_station_pedestrian_bridge_4.3,019,True
230,4_station_pedestrian_bridge_4.3,020,True
231,4_station_pedestrian_bridge_4.3,021,True
232,4_station_pedestrian_bridge_4.3,022,True
233,4_station_pedestrian_bridge_4.3,023,True
234,4_station_pedestrian_bridge_4.3,024,True
235,4_station_pedestrian_bridge_4.3,025,True
236,4_station_pedestrian_bridge_4.3,026,True
237,4_station_pedestrian_bridge_4.3,027,True
238,4_station_pedestrian_bridge_4.3,028,True
239,4_station_pedestrian_bridge_4.3,029,True
240,4_station_pedestrian_bridge_4.3,030,True
241,4_station_pedestrian_bridge_4.3,031,True
242,4_station_pedestrian_bridge_4.3,032,True
243,4_station_pedestrian_bridge_4.3,033,True
244,4_station_pedestrian_bridge_4.3,034,True
245,4_station_pedestrian_bridge_4.3,035,True
246,4_station_pedestrian_bridge_4.3,036,True
247,4_station_pedestrian_bridge_4.3,037,True
248,4_station_pedestrian_bridge_4.3,038,True
249,4_station_pedestrian_bridge_4.3,039,True
250,4_station_pedestrian_bridge_4.3,040,True
251,4_station_pedestrian_bridge_4.3,041,True
252,4_station_pedestrian_bridge_4.3,042,True
253,4_station_pedestrian_bridge_4.3,043,True
254,4_station_pedestrian_bridge_4.3,044,True
255,4_station_pedestrian_bridge_4.3,045,True
256,4_station_pedestrian_bridge_4.3,046,True
257,4_station_pedestrian_bridge_4.3,047,True
258,4_station_pedestrian_bridge_4.3,048,True
259,4_station_pedestrian_bridge_4.3,049,True
260,4_station_pedestrian_bridge_4.3,050,True
261,4_station_pedestrian_bridge_4.3,051,True
262,4_station_pedestrian_bridge_4.3,052,True
263,4_station_pedestrian_bridge_4.3,053,True
264,4_station_pedestrian_bridge_4.3,054,True
265,4_station_pedestrian_bridge_4.3,055,True
266,4_station_pedestrian_bridge_4.3,056,True
267,4_station_pedestrian_bridge_4.3,057,True
268,4_station_pedestrian_bridge_4.3,058,True
269,4_station_pedestrian_bridge_4.3,059,True
270,4_station_pedestrian_bridge_4.3,060,True
271,4_station_pedestrian_bridge_4.3,061,True
272,4_station_pedestrian_bridge_4.3,062,True
273,4_station_pedestrian_bridge_4.3,063,True
274,4_station_pedestrian_bridge_4.3,064,True
275,4_station_pedestrian_bridge_4.3,065,True
276,4_station_pedestrian_bridge_4.3,066,True
277,4_station_pedestrian_bridge_4.3,067,True
278,4_station_pedestrian_bridge_4.3,068,True
279,4_station_pedestrian_bridge_4.3,069,True
280,4_station_pedestrian_bridge_4.3,070,True
281,4_station_pedestrian_bridge_4.3,071,True
282,4_station_pedestrian_bridge_4.3,072,True
283,4_station_pedestrian_bridge_4.3,073,True
284,4_station_pedestrian_bridge_4.3,074,True
285,4_station_pedestrian_bridge_4.3,075,True
286,4_station_pedestrian_bridge_4.3,076,True
287,4_station_pedestrian_bridge_4.3,077,True
288,4_station_pedestrian_bridge_4.3,078,True
289,4_station_pedestrian_bridge_4.3,079,True
290,4_station_pedestrian_bridge_4.3,080,True
291,4_station_pedestrian_bridge_4.3,081,True
292,4_station_pedestrian_bridge_4.3,082,True
293,4_station_pedestrian_bridge_4.3,083,True
294,4_station_pedestrian_bridge_4.3,084,True
295,4_station_pedestrian_bridge_4.3,085,True
296,4_station_pedestrian_bridge_4.3,086,True
297,4_station_pedestrian_bridge_4.3,087,True
298,4_station_pedestrian_bridge_4.3,088,True
299,4_station_pedestrian_bridge_4.3,089,True
300,4_station_pedestrian_bridge_4.3,090,True
301,4_station_pedestrian_bridge_4.3,091,True
302,4_station_pedestrian_bridge_4.3,092,True
303,4_station_pedestrian_bridge_4.3,093,True
304,4_station_pedestrian_bridge_4.3,094,True
305,4_station_pedestrian_bridge_4.3,095,True
306,4_station_pedestrian_bridge_4.3,096,True
307,4_station_pedestrian_bridge_4.3,097,True
308,4_station_pedestrian_bridge_4.3,098,True
309,4_station_pedestrian_bridge_4.3,099,True
410,6_station_klein_flottbek_6.2,061,True
411,6_station_klein_flottbek_6.2,062,True
412,6_station_klein_flottbek_6.2,063,True
413,6_station_klein_flottbek_6.2,064,True
414,6_station_klein_flottbek_6.2,065,True
415,6_station_klein_flottbek_6.2,066,True
416,6_station_klein_flottbek_6.2,067,True
417,6_station_klein_flottbek_6.2,068,True
418,6_station_klein_flottbek_6.2,069,True
419,6_station_klein_flottbek_6.2,070,True
420,6_station_klein_flottbek_6.2,071,True
421,6_station_klein_flottbek_6.2,072,True
422,6_station_klein_flottbek_6.2,073,True
423,6_station_klein_flottbek_6.2,074,True
424,6_station_klein_flottbek_6.2,075,True
425,6_station_klein_flottbek_6.2,076,True
426,6_station_klein_flottbek_6.2,077,True
427,6_station_klein_flottbek_6.2,078,True
428,6_station_klein_flottbek_6.2,079,True
429,6_station_klein_flottbek_6.2,080,True
430,6_station_klein_flottbek_6.2,081,True
431,6_station_klein_flottbek_6.2,082,True
432,6_station_klein_flottbek_6.2,083,True
433,6_station_klein_flottbek_6.2,084,True
434,6_station_klein_flottbek_6.2,085,True
435,6_station_klein_flottbek_6.2,086,True
436,6_station_klein_flottbek_6.2,087,True
437,6_station_klein_flottbek_6.2,088,True
438,6_station_klein_flottbek_6.2,089,True
439,6_station_klein_flottbek_6.2,090,True
440,6_station_klein_flottbek_6.2,091,True
441,6_station_klein_flottbek_6.2,092,True
442,6_station_klein_flottbek_6.2,093,True
443,6_station_klein_flottbek_6.2,094,True
444,6_station_klein_flottbek_6.2,095,True
445,6_station_klein_flottbek_6.2,096,True
446,6_station_klein_flottbek_6.2,097,True
447,6_station_klein_flottbek_6.2,098,True
448,6_station_klein_flottbek_6.2,099,True
449,6_station_klein_flottbek_6.2,100,True
450,6_station_klein_flottbek_6.2,101,True
451,6_station_klein_flottbek_6.2,102,True
452,6_station_klein_flottbek_6.2,103,True
453,6_station_klein_flottbek_6.2,104,True
454,6_station_klein_flottbek_6.2,105,True
455,6_station_klein_flottbek_6.2,106,True
456,6_station_klein_flottbek_6.2,107,True
457,6_station_klein_flottbek_6.2,108,True
458,6_station_klein_flottbek_6.2,109,True
459,6_station_klein_flottbek_6.2,110,True
460,6_station_klein_flottbek_6.2,111,True
461,6_station_klein_flottbek_6.2,112,True
462,6_station_klein_flottbek_6.2,113,True
463,6_station_klein_flottbek_6.2,114,True
464,6_station_klein_flottbek_6.2,115,True
465,6_station_klein_flottbek_6.2,116,True
466,6_station_klein_flottbek_6.2,117,True
467,6_station_klein_flottbek_6.2,118,True
468,6_station_klein_flottbek_6.2,119,True
469,6_station_klein_flottbek_6.2,120,True
470,6_station_klein_flottbek_6.2,121,True
471,6_station_klein_flottbek_6.2,122,True
472,6_station_klein_flottbek_6.2,123,True
473,6_station_klein_flottbek_6.2,124,True
474,6_station_klein_flottbek_6.2,125,True
475,6_station_klein_flottbek_6.2,126,True
476,6_station_klein_flottbek_6.2,127,True
477,6_station_klein_flottbek_6.2,128,True
478,6_station_klein_flottbek_6.2,129,True
479,6_station_klein_flottbek_6.2,130,True
480,6_station_klein_flottbek_6.2,131,True
481,6_station_klein_flottbek_6.2,132,True
482,6_station_klein_flottbek_6.2,133,True
483,6_station_klein_flottbek_6.2,134,True
484,6_station_klein_flottbek_6.2,135,True
485,6_station_klein_flottbek_6.2,136,True
486,6_station_klein_flottbek_6.2,137,True
487,6_station_klein_flottbek_6.2,138,True
488,6_station_klein_flottbek_6.2,139,True
489,6_station_klein_flottbek_6.2,140,True
490,6_station_klein_flottbek_6.2,141,True
491,6_station_klein_flottbek_6.2,142,True
492,6_station_klein_flottbek_6.2,143,True
493,6_station_klein_flottbek_6.2,144,True
494,6_station_klein_flottbek_6.2,145,True
495,6_station_klein_flottbek_6.2,146,True
496,6_station_klein_flottbek_6.2,147,True
497,6_station_klein_flottbek_6.2,148,True
498,6_station_klein_flottbek_6.2,149,True
499,6_station_klein_flottbek_6.2,150,True
500,6_station_klein_flottbek_6.2,151,True
501,6_station_klein_flottbek_6.2,152,True
502,6_station_klein_flottbek_6.2,153,True
503,6_station_klein_flottbek_6.2,154,True
504,6_station_klein_flottbek_6.2,155,True
505,6_station_klein_flottbek_6.2,156,True
506,6_station_klein_flottbek_6.2,157,True
507,6_station_klein_flottbek_6.2,158,True
508,6_station_klein_flottbek_6.2,159,True
509,6_station_klein_flottbek_6.2,160,True
510,8_station_altona_8.1,010,True
511,8_station_altona_8.1,011,True
512,8_station_altona_8.1,012,True
513,8_station_altona_8.1,013,True
514,8_station_altona_8.1,014,True
515,8_station_altona_8.1,015,True
516,8_station_altona_8.1,016,True
517,8_station_altona_8.1,017,True
518,8_station_altona_8.1,018,True
519,8_station_altona_8.1,019,True
520,8_station_altona_8.1,020,True
521,8_station_altona_8.1,021,True
522,8_station_altona_8.1,022,True
523,8_station_altona_8.1,023,True
524,8_station_altona_8.1,024,True
525,8_station_altona_8.1,025,True
526,8_station_altona_8.1,026,True
527,8_station_altona_8.1,027,True
528,8_station_altona_8.1,028,True
529,8_station_altona_8.1,029,True
530,8_station_altona_8.1,030,True
531,8_station_altona_8.1,031,True
532,8_station_altona_8.1,032,True
533,8_station_altona_8.1,033,True
534,8_station_altona_8.1,034,True
535,8_station_altona_8.1,035,True
536,8_station_altona_8.1,036,True
537,8_station_altona_8.1,037,True
538,8_station_altona_8.1,038,True
539,8_station_altona_8.1,039,True
540,8_station_altona_8.1,040,True
541,8_station_altona_8.1,041,True
542,8_station_altona_8.1,042,True
543,8_station_altona_8.1,043,True
544,8_station_altona_8.1,044,True
545,8_station_altona_8.1,045,True
546,8_station_altona_8.1,046,True
547,8_station_altona_8.1,047,True
548,8_station_altona_8.1,048,True
549,8_station_altona_8.1,049,True
550,8_station_altona_8.1,050,True
551,8_station_altona_8.1,051,True
552,8_station_altona_8.1,052,True
553,8_station_altona_8.1,053,True
554,8_station_altona_8.1,054,True
555,8_station_altona_8.1,055,True
556,8_station_altona_8.1,056,True
557,8_station_altona_8.1,057,True
558,8_station_altona_8.1,058,True
559,8_station_altona_8.1,059,True
560,8_station_altona_8.1,060,True
561,8_station_altona_8.1,061,True
562,8_station_altona_8.1,062,True
563,8_station_altona_8.1,063,True
564,8_station_altona_8.1,064,True
565,8_station_altona_8.1,065,True
566,8_station_altona_8.1,066,True
567,8_station_altona_8.1,067,True
568,8_station_altona_8.1,068,True
569,8_station_altona_8.1,069,True
570,8_station_altona_8.1,070,True
571,8_station_altona_8.1,071,True
572,8_station_altona_8.1,072,True
573,8_station_altona_8.1,073,True
574,8_station_altona_8.1,074,True
575,8_station_altona_8.1,075,True
576,8_station_altona_8.1,076,True
577,8_station_altona_8.1,077,True
578,8_station_altona_8.1,078,True
579,8_station_altona_8.1,079,True
580,8_station_altona_8.1,080,True
581,8_station_altona_8.1,081,True
582,8_station_altona_8.1,082,True
583,8_station_altona_8.1,083,True
584,8_station_altona_8.1,084,True
585,8_station_altona_8.1,085,True
586,8_station_altona_8.1,086,True
587,8_station_altona_8.1,087,True
588,8_station_altona_8.1,088,True
589,8_station_altona_8.1,089,True
590,8_station_altona_8.1,090,True
591,8_station_altona_8.1,091,True
592,8_station_altona_8.1,092,True
593,8_station_altona_8.1,093,True
594,8_station_altona_8.1,094,True
595,8_station_altona_8.1,095,True
596,8_station_altona_8.1,096,True
597,8_station_altona_8.1,097,True
598,8_station_altona_8.1,098,True
599,8_station_altona_8.1,099,True
600,8_station_altona_8.1,100,True
601,8_station_altona_8.1,101,True
602,8_station_altona_8.1,102,True
603,8_station_altona_8.1,103,True
604,8_station_altona_8.1,104,True
605,8_station_altona_8.1,105,True
606,8_station_altona_8.1,106,True
607,8_station_altona_8.1,107,True
608,8_station_altona_8.1,108,True
609,8_station_altona_8.1,109,True
610,8_station_altona_8.2,110,True
611,8_station_altona_8.2,111,True
612,8_station_altona_8.2,112,True
613,8_station_altona_8.2,113,True
614,8_station_altona_8.2,114,True
615,8_station_altona_8.2,115,True
616,8_station_altona_8.2,116,True
617,8_station_altona_8.2,117,True
618,8_station_altona_8.2,118,True
619,8_station_altona_8.2,119,True
620,8_station_altona_8.2,120,True
621,8_station_altona_8.2,121,True
622,8_station_altona_8.2,122,True
623,8_station_altona_8.2,123,True
624,8_station_altona_8.2,124,True
625,8_station_altona_8.2,125,True
626,8_station_altona_8.2,126,True
627,8_station_altona_8.2,127,True
628,8_station_altona_8.2,128,True
629,8_station_altona_8.2,129,True
630,8_station_altona_8.2,130,True
631,8_station_altona_8.2,131,True
632,8_station_altona_8.2,132,True
633,8_station_altona_8.2,133,True
634,8_station_altona_8.2,134,True
635,8_station_altona_8.2,135,True
636,8_station_altona_8.2,136,True
637,8_station_altona_8.2,137,True
638,8_station_altona_8.2,138,True
639,8_station_altona_8.2,139,True
640,8_station_altona_8.2,140,True
641,8_station_altona_8.2,141,True
642,8_station_altona_8.2,142,True
643,8_station_altona_8.2,143,True
644,8_station_altona_8.2,144,True
645,8_station_altona_8.2,145,True
646,8_station_altona_8.2,146,True
647,8_station_altona_8.2,147,True
648,8_station_altona_8.2,148,True
649,8_station_altona_8.2,149,True
650,8_station_altona_8.2,150,True
651,8_station_altona_8.2,151,True
652,8_station_altona_8.2,152,True
653,8_station_altona_8.2,153,True
654,8_station_altona_8.2,154,True
655,8_station_altona_8.2,155,True
656,8_station_altona_8.2,156,True
657,8_station_altona_8.2,157,True
658,8_station_altona_8.2,158,True
659,8_station_altona_8.2,159,True
660,8_station_altona_8.2,160,True
661,8_station_altona_8.2,161,True
662,8_station_altona_8.2,162,True
663,8_station_altona_8.2,163,True
664,8_station_altona_8.2,164,True
665,8_station_altona_8.2,165,True
666,8_station_altona_8.2,166,True
667,8_station_altona_8.2,167,True
668,8_station_altona_8.2,168,True
669,8_station_altona_8.2,169,True
670,8_station_altona_8.2,170,True
671,8_station_altona_8.2,171,True
672,8_station_altona_8.2,172,True
673,8_station_altona_8.2,173,True
674,8_station_altona_8.2,174,True
675,8_station_altona_8.2,175,True
676,8_station_altona_8.2,176,True
677,8_station_altona_8.2,177,True
678,8_station_altona_8.2,178,True
679,8_station_altona_8.2,179,True
680,8_station_altona_8.2,180,True
681,8_station_altona_8.2,181,True
682,8_station_altona_8.2,182,True
683,8_station_altona_8.2,183,True
684,8_station_altona_8.2,184,True
685,8_station_altona_8.2,185,True
686,8_station_altona_8.2,186,True
687,8_station_altona_8.2,187,True
688,8_station_altona_8.2,188,True
689,8_station_altona_8.2,189,True
690,8_station_altona_8.2,190,True
691,8_station_altona_8.2,191,True
692,8_station_altona_8.2,192,True
693,8_station_altona_8.2,193,True
694,8_station_altona_8.2,194,True
695,8_station_altona_8.2,195,True
696,8_station_altona_8.2,196,True
697,8_station_altona_8.2,197,True
698,8_station_altona_8.2,198,True
699,8_station_altona_8.2,199,True
700,8_station_altona_8.2,200,True
701,8_station_altona_8.2,201,True
702,8_station_altona_8.2,202,True
703,8_station_altona_8.2,203,True
704,8_station_altona_8.2,204,True
705,8_station_altona_8.2,205,True
706,8_station_altona_8.2,206,True
707,8_station_altona_8.2,207,True
708,8_station_altona_8.2,208,True
709,8_station_altona_8.2,209,True
710,9_station_ruebenkamp_9.1,078,True
711,9_station_ruebenkamp_9.1,079,True
712,9_station_ruebenkamp_9.1,080,True
713,9_station_ruebenkamp_9.1,081,True
714,9_station_ruebenkamp_9.1,082,True
715,9_station_ruebenkamp_9.1,083,True
716,9_station_ruebenkamp_9.1,084,True
717,9_station_ruebenkamp_9.1,085,True
718,9_station_ruebenkamp_9.1,086,True
719,9_station_ruebenkamp_9.1,087,True
818,14_signals_station_14.1,091,True
819,14_signals_station_14.1,092,True
820,14_signals_station_14.1,093,True
821,14_signals_station_14.1,094,True
822,14_signals_station_14.1,095,True
823,14_signals_station_14.1,096,True
824,14_signals_station_14.1,097,True
825,14_signals_station_14.1,098,True
826,14_signals_station_14.1,099,True
827,14_signals_station_14.1,100,True
828,15_construction_vehicle_15.1,065,True
829,15_construction_vehicle_15.1,066,True
830,15_construction_vehicle_15.1,067,True
831,15_construction_vehicle_15.1,068,True
832,15_construction_vehicle_15.1,069,True
833,15_construction_vehicle_15.1,070,True
834,15_construction_vehicle_15.1,071,True
835,15_construction_vehicle_15.1,072,True
836,15_construction_vehicle_15.1,073,True
837,15_construction_vehicle_15.1,074,True
848,21_station_wedel_21.1,370,True
849,21_station_wedel_21.1,371,True
850,21_station_wedel_21.1,372,True
851,21_station_wedel_21.1,373,True
852,21_station_wedel_21.1,374,True
853,21_station_wedel_21.1,375,True
854,21_station_wedel_21.1,376,True
855,21_station_wedel_21.1,377,True
856,21_station_wedel_21.1,378,True
857,21_station_wedel_21.1,379,True
858,21_station_wedel_21.1,380,True
859,21_station_wedel_21.1,381,True
860,21_station_wedel_21.1,382,True
861,21_station_wedel_21.1,383,True
862,21_station_wedel_21.1,384,True
863,21_station_wedel_21.1,385,True
864,21_station_wedel_21.1,386,True
865,21_station_wedel_21.1,387,True
866,21_station_wedel_21.1,388,True
867,21_station_wedel_21.1,389,True
868,21_station_wedel_21.1,390,True
869,21_station_wedel_21.1,391,True
870,21_station_wedel_21.1,392,True
871,21_station_wedel_21.1,393,True
872,21_station_wedel_21.1,394,True
873,21_station_wedel_21.1,395,True
874,21_station_wedel_21.1,396,True
875,21_station_wedel_21.1,397,True
876,21_station_wedel_21.1,398,True
877,21_station_wedel_21.1,399,True
878,21_station_wedel_21.1,400,True
879,21_station_wedel_21.1,401,True
880,21_station_wedel_21.1,402,True
881,21_station_wedel_21.1,403,True
882,21_station_wedel_21.1,404,True
883,21_station_wedel_21.1,405,True
884,21_station_wedel_21.1,406,True
885,21_station_wedel_21.1,407,True
886,21_station_wedel_21.1,408,True
887,21_station_wedel_21.1,409,True
888,21_station_wedel_21.1,410,True
889,21_station_wedel_21.1,411,True
890,21_station_wedel_21.1,412,True
891,21_station_wedel_21.1,413,True
892,21_station_wedel_21.1,414,True
893,21_station_wedel_21.1,415,True
894,21_station_wedel_21.1,416,True
895,21_station_wedel_21.1,417,True
896,21_station_wedel_21.1,418,True
897,21_station_wedel_21.1,419,True
898,21_station_wedel_21.1,420,True
899,21_station_wedel_21.1,421,True
900,21_station_wedel_21.1,422,True
901,21_station_wedel_21.1,423,True
902,21_station_wedel_21.1,424,True
903,21_station_wedel_21.1,425,True
904,21_station_wedel_21.1,426,True
905,21_station_wedel_21.1,427,True
906,21_station_wedel_21.1,428,True
907,21_station_wedel_21.1,429,True
908,21_station_wedel_21.1,430,True
909,21_station_wedel_21.1,431,True
910,21_station_wedel_21.1,432,True
911,21_station_wedel_21.1,433,True
912,21_station_wedel_21.1,434,True
913,21_station_wedel_21.1,435,True
914,21_station_wedel_21.1,436,True
915,21_station_wedel_21.1,437,True
916,21_station_wedel_21.1,438,True
917,21_station_wedel_21.1,439,True
918,21_station_wedel_21.1,440,True
919,21_station_wedel_21.1,441,True
920,21_station_wedel_21.1,442,True
921,21_station_wedel_21.1,443,True
922,21_station_wedel_21.1,444,True
923,21_station_wedel_21.1,445,True
924,21_station_wedel_21.1,446,True
925,21_station_wedel_21.1,447,True
926,21_station_wedel_21.1,448,True
927,21_station_wedel_21.1,449,True
928,21_station_wedel_21.1,450,True
929,21_station_wedel_21.1,451,True
930,21_station_wedel_21.1,452,True
931,21_station_wedel_21.1,453,True
932,21_station_wedel_21.1,454,True
933,21_station_wedel_21.1,455,True
934,21_station_wedel_21.1,456,True
935,21_station_wedel_21.1,457,True
936,21_station_wedel_21.1,458,True
937,21_station_wedel_21.1,459,True
938,21_station_wedel_21.1,460,True
939,21_station_wedel_21.1,461,True
940,21_station_wedel_21.1,462,True
941,21_station_wedel_21.1,463,True
942,21_station_wedel_21.1,464,True
943,21_station_wedel_21.1,465,True
944,21_station_wedel_21.1,466,True
945,21_station_wedel_21.1,467,True
946,21_station_wedel_21.1,468,True
947,21_station_wedel_21.1,469,True
948,21_station_wedel_21.2,470,True
949,21_station_wedel_21.2,471,True
950,21_station_wedel_21.2,472,True
951,21_station_wedel_21.2,473,True
952,21_station_wedel_21.2,474,True
953,21_station_wedel_21.2,475,True
954,21_station_wedel_21.2,476,True
955,21_station_wedel_21.2,477,True
956,21_station_wedel_21.2,478,True
957,21_station_wedel_21.2,479,True
958,21_station_wedel_21.2,480,True
959,21_station_wedel_21.2,481,True
960,21_station_wedel_21.2,482,True
961,21_station_wedel_21.2,483,True
962,21_station_wedel_21.2,484,True
963,21_station_wedel_21.2,485,True
964,21_station_wedel_21.2,486,True
965,21_station_wedel_21.2,487,True
966,21_station_wedel_21.2,488,True
967,21_station_wedel_21.2,489,True
968,21_station_wedel_21.2,490,True
969,21_station_wedel_21.2,491,True
970,21_station_wedel_21.2,492,True
971,21_station_wedel_21.2,493,True
972,21_station_wedel_21.2,494,True
973,21_station_wedel_21.2,495,True
974,21_station_wedel_21.2,496,True
975,21_station_wedel_21.2,497,True
976,21_station_wedel_21.2,498,True
977,21_station_wedel_21.2,499,True
978,21_station_wedel_21.2,500,True
979,21_station_wedel_21.2,501,True
980,21_station_wedel_21.2,502,True
981,21_station_wedel_21.2,503,True
982,21_station_wedel_21.2,504,True
983,21_station_wedel_21.2,505,True
984,21_station_wedel_21.2,506,True
985,21_station_wedel_21.2,507,True
986,21_station_wedel_21.2,508,True
987,21_station_wedel_21.2,509,True
988,21_station_wedel_21.2,510,True
989,21_station_wedel_21.2,511,True
990,21_station_wedel_21.2,512,True
991,21_station_wedel_21.2,513,True
992,21_station_wedel_21.2,514,True
993,21_station_wedel_21.2,515,True
994,21_station_wedel_21.2,516,True
995,21_station_wedel_21.2,517,True
996,21_station_wedel_21.2,518,True
997,21_station_wedel_21.2,519,True
998,21_station_wedel_21.2,520,True
999,21_station_wedel_21.2,521,True
1000,21_station_wedel_21.2,522,True
1001,21_station_wedel_21.2,523,True
1002,21_station_wedel_21.2,524,True
1003,21_station_wedel_21.2,525,True
1004,21_station_wedel_21.2,526,True
1005,21_station_wedel_21.2,527,True
1006,21_station_wedel_21.2,528,True
1007,21_station_wedel_21.2,529,True
1008,21_station_wedel_21.2,530,True
1009,21_station_wedel_21.2,531,True
1010,21_station_wedel_21.2,532,True
1011,21_station_wedel_21.2,533,True
1012,21_station_wedel_21.2,534,True
1013,21_station_wedel_21.2,535,True
1014,21_station_wedel_21.2,536,True
1015,21_station_wedel_21.2,537,True
1016,21_station_wedel_21.2,538,True
1017,21_station_wedel_21.2,539,True
1018,21_station_wedel_21.2,540,True
1019,21_station_wedel_21.2,541,True
1020,21_station_wedel_21.2,542,True
1021,21_station_wedel_21.2,543,True
1022,21_station_wedel_21.2,544,True
1023,21_station_wedel_21.2,545,True
1024,21_station_wedel_21.2,546,True
1025,21_station_wedel_21.2,547,True
1026,21_station_wedel_21.2,548,True
1027,21_station_wedel_21.2,549,True
1028,21_station_wedel_21.2,550,True
1029,21_station_wedel_21.2,551,True
1030,21_station_wedel_21.2,552,True
1031,21_station_wedel_21.2,553,True
1032,21_station_wedel_21.2,554,True
1033,21_station_wedel_21.2,555,True
1034,21_station_wedel_21.2,556,True
1035,21_station_wedel_21.2,557,True
1036,21_station_wedel_21.2,558,True
1037,21_station_wedel_21.2,559,True
1038,21_station_wedel_21.2,560,True
1039,21_station_wedel_21.2,561,True
1040,21_station_wedel_21.2,562,True
1041,21_station_wedel_21.2,563,True
1042,21_station_wedel_21.2,564,True
1043,21_station_wedel_21.2,565,True
1044,21_station_wedel_21.2,566,True
1045,21_station_wedel_21.2,567,True
1046,21_station_wedel_21.2,568,True
1047,21_station_wedel_21.2,569,True
